X,Y,Theta,RealX,RealY
0,9,-1.200088393671301,6.201383892526993,6.522487088335764
6.216335538629828,6.880151080474528,-1.8994422515205398,8.988543637515711,0.453963959445947
9.608841543703436,1.2563187593624372,-2.5987961093697787,6.826984956059411,-5.8644928518788815
8.58479265149979,-5.231200861942918,-3.2981499672190173,0.9067721909642903,-8.954203716338702
3.62496285088255,-9.536624803827696,-3.9975038250682564,-5.512671643253518,-7.114102287264962
-2.942089939203303,-9.638627856091444,-4.6968576829174955,-8.89706766104335,-1.357271908946994
-8.033243234074705,-5.4893212756414576,-5.396211540766735,-7.38310812190313,5.146815953605494
-9.258284909948642,0.9632642420264395,-6.095565398615974,-1.8043162049344446,8.817280931931961
-6.042078195995016,6.6897467001821544,-6.794919256465213,4.76785719968982,7.633317609229027
