X,Y,Theta,RealX,RealY
0,9,-1.200088393671301,6.201383892526993,6.522487088335764
6.329175537937711,6.402360789250813,-1.9602556304639518,8.988543637515711,0.453963959445947
9.126176400808395,0.1587257396702082,-2.7204228672566027,6.826984956059411,-5.8644928518788815
6.851090199343297,-6.293419270723922,-3.4805901040492535,0.9067721909642903,-8.954203716338702
0.7564848089397707,-9.401791448329917,-4.240757340841904,-5.512671643253518,-7.114102287264962
-5.802203426791567,-7.455050303305719,-5.000924577634555,-8.89706766104335,-1.357271908946994
-9.214033443932678,-1.5249905739787328,-5.761091814427205,-7.38310812190313,5.146815953605494
-7.600593482509236,5.123543396012899,-6.521259051219856,-1.8043162049344446,8.817280931931961
-1.850176506216381,8.830145216820428,-7.281426288012506,4.76785719968982,7.633317609229027
